{
  "$schema": "https://json-schema.org/draft/2020-12/schema",
  "title": "ECG Report Schema",
  "version": "0.5.0",
  "type": "object",
  "properties": {
    "meta": {
      "type": "object"
    },
    "patient_info": {
      "type": "object"
    },
    "acquisition": {
      "type": "object"
    },
    "segmentation": {
      "type": "object"
    },
    "layout_detection": {
      "type": "object"
    },
    "rpeaks": {
      "type": "object"
    },
    "intervals": {
      "type": "object"
    },
    "intervals_refined": {
      "type": "object"
    },
    "axis": {
      "type": "object",
      "properties": {
        "angle_deg": {
          "type": "number"
        },
        "label": {
          "type": "string"
        },
        "amps": {
          "type": "object"
        }
      }
    },
    "measures": {
      "type": "object"
    },
    "flags": {
      "type": "array"
    },
    "suggested_interpretations": {
      "type": "array"
    },
    "version": {
      "type": "string"
    },
    "axis_hex": {
      "type": "object"
    },
    "rhythm": {
      "type": "object"
    },
    "precordial_transition": {
      "type": "object"
    },
    "hypertrophy": {
      "type": "object"
    },
    "conduction": {
      "type": "object"
    },
    "hypertrophy_extended": {
      "type": "object"
    },
    "quiz": {
      "type": "object"
    }
  },
  "required": [
    "meta",
    "version"
  ]
}